,Date,Security,Decision,Confidence,earning_decision,earning_magnitude,Earning_Recommendation
0,01/24/2020,AXP UN Equity,HOLD,medium,decrease,slight,SELL
1,01/14/2020,JPM UN Equity,HOLD,85%,increase,6-8%,BUY
2,01/23/2020,PG UN Equity,BUY,60%,decrease,2-5%,SELL
3,01/15/2020,UNH UN Equity,HOLD,medium,increase,low,BUY
4,01/30/2020,SHW UN Equity,BUY,80%,increase,8-12%,BUY
5,01/31/2020,V UN Equity,BUY,high,increase,moderate to high,BUY
6,02/04/2020,DIS UN Equity,SELL,high,decrease,5-10%,SELL
7,01/29/2020,BA UN Equity,BUY,80%,decrease,10-15%,SELL
8,01/30/2020,VZ UN Equity,BUY,high,increase,5-10%,BUY
9,01/28/2020,AAPL UW Equity,BUY,75%,increase,8-12%,BUY
10,01/31/2020,XOM UN Equity,BUY,80%,increase,5-10%,BUY
11,01/23/2020,INTC UQ Equity,BUY,80%,increase,8-12%,BUY
12,01/08/2020,WBA UW Equity,BUY,40%,increase,slight,BUY
13,01/28/2020,RTX UN Equity,BUY,80%,increase,7-12%,BUY
14,01/29/2020,MSFT UW Equity,BUY,80%,increase,5-7%,BUY
15,01/30/2020,AMZN UQ Equity,BUY,medium,increase,small,BUY
16,01/28/2020,MMM UN Equity,HOLD,40%,decrease,2-5%,SELL
17,01/29/2020,MCD UN Equity,BUY,low,decrease,5-10%,SELL
18,01/30/2020,KO UN Equity,BUY,75%,increase,7-12%,BUY
19,01/28/2020,PFE UN Equity,BUY,moderate,increase,small,BUY
20,02/12/2020,CSCO UW Equity,BUY,85%,increase,6-8%,BUY
21,02/13/2020,TRV UN Equity,BUY,moderate,decrease,slight,SELL
22,02/14/2020,DD UN Equity,SELL,70%,decrease,8-12%,SELL
23,02/12/2020,AMGN UQ Equity,BUY,85%,increase,7-12%,BUY
24,02/18/2020,JNJ UN Equity,BUY,high,increase,5-7%,BUY
25,02/25/2020,IBM UN Equity,BUY,high,increase,8-12%,BUY
26,02/21/2020,GS UN Equity,BUY,moderate,increase,small,BUY
27,02/21/2020,CVX UN Equity,SELL,high,decrease,10-15%,SELL
28,02/19/2020,CAT UN Equity,SELL,60%,decrease,5-10%,SELL
29,03/24/2020,NKE UN Equity,BUY,high,decrease,medium,SELL
30,02/14/2020,HON UW Equity,BUY,85%,increase,6-8%,BUY
31,02/25/2020,CRM UN Equity,BUY,medium,increase,small,BUY
32,02/20/2020,NVDA UQ Equity,BUY,85%,increase,7-12%,BUY
33,03/25/2020,HD UN Equity,BUY,high,increase,10-15%,BUY
34,02/18/2020,WMT UN Equity,HOLD,70%,decrease,5-10%,SELL
35,04/15/2020,UNH UN Equity,BUY,80%,increase,10-15%,BUY
36,04/14/2020,JPM UN Equity,HOLD,moderate,decrease,slight,SELL
37,04/02/2020,WBA UW Equity,BUY,high,decrease,8-10%,SELL
38,04/21/2020,KO UN Equity,BUY,high,increase,5-10%,BUY
39,04/20/2020,PG UN Equity,BUY,medium,increase,2-5%,BUY
40,04/24/2020,AXP UN Equity,BUY,70%,decrease,8-12%,SELL
41,04/21/2020,TRV UN Equity,HOLD,moderate,flat,slight,HOLD
42,04/24/2020,VZ UN Equity,HOLD,70%,decrease,5-10%,SELL
43,04/24/2020,INTC UQ Equity,BUY,70%,increase,3-5%,BUY
44,04/29/2020,SHW UN Equity,BUY,medium,increase,small,BUY
45,04/28/2020,PFE UN Equity,HOLD,high,decrease,5-10%,SELL
46,04/28/2020,CAT UN Equity,BUY,70%,decrease,10-15%,SELL
47,04/29/2020,JNJ UN Equity,BUY,70%,decrease,5-15%,SELL
48,04/28/2020,IBM UN Equity,BUY,high,decrease,slight,SELL
49,04/29/2020,MSFT UW Equity,BUY,high,increase,5-7%,BUY
50,04/28/2020,MRK UN Equity,BUY,80%,increase,5-10%,BUY
51,04/29/2020,BA UN Equity,BUY,70%,decrease,12-18%,SELL
52,04/30/2020,DOW UN Equity,SELL,high,decrease,10-15%,SELL
53,04/30/2020,MCD UN Equity,SELL,high,decrease,moderate,SELL
54,04/28/2020,MMM UN Equity,BUY,high,increase,7-12%,BUY
55,04/30/2020,AAPL UQ Equity,BUY,70%,decrease,5-10%,SELL
56,05/01/2020,HON UN Equity,BUY,60%,flat,slight,HOLD
57,05/01/2020,AMGN UQ Equity,HOLD,high,decrease,small,SELL
58,05/01/2020,CVX UN Equity,BUY,high,decrease,moderate,SELL
59,05/01/2020,AMZN UQ Equity,BUY,high,increase,5-10%,BUY
60,05/05/2020,DD UN Equity,HOLD,high,decrease,12-18%,SELL
61,05/01/2020,GS UN Equity,SELL,70%,decrease,8-12%,SELL
62,05/04/2020,V UN Equity,BUY,10-Jul,decrease,10-15%,SELL
63,05/05/2020,DIS UN Equity,HOLD,70%,decrease,10-15%,SELL
64,05/18/2020,CSCO UW Equity,BUY,high,increase,5-7%,BUY
65,07/15/2020,GS UN Equity,SELL,70%,decrease,5-10%,SELL
66,05/07/2020,RTX UN Equity,SELL,high,decrease,slight,SELL
67,06/01/2020,CRM UN Equity,BUY,high,decrease,10-15%,SELL
68,07/09/2020,WBA UW Equity,BUY,70%,decrease,5-10%,SELL
69,05/06/2020,XOM UN Equity,HOLD,high,decrease,8-12%,SELL
70,06/03/2020,WMT UN Equity,HOLD,moderate,increase,small,BUY
71,05/21/2020,NVDA UQ Equity,BUY,high (8/10),increase,moderate to high (7-12%),BUY
72,05/19/2020,HD UN Equity,HOLD,70%,decrease,medium,SELL
73,06/25/2020,NKE UN Equity,HOLD,70%,decrease,5-10%,SELL
74,07/16/2020,JNJ UN Equity,BUY,medium,increase,small,BUY
75,07/15/2020,UNH UN Equity,BUY,65%,increase,3-5%,BUY
76,07/20/2020,IBM UN Equity,HOLD,high,decrease,medium,SELL
77,07/22/2020,MSFT UW Equity,BUY,moderate,increase,small,BUY
78,07/22/2020,KO UN Equity,BUY,medium,increase,small,BUY
79,07/23/2020,INTC UW Equity,BUY,moderate,decrease,moderate,SELL
80,07/24/2020,HON UN Equity,HOLD,high,decrease,moderate,SELL
81,07/23/2020,TRV UN Equity,HOLD,high,decrease,medium,SELL
82,07/24/2020,AXP UN Equity,BUY,80%,decrease,8-12%,SELL
83,07/28/2020,SHW UN Equity,HOLD,70%,decrease,8-12%,SELL
84,07/24/2020,INTC UQ Equity,HOLD,40,decrease,2-5%,SELL
85,07/28/2020,V UN Equity,BUY,high,decrease,slight,SELL
86,07/28/2020,MMM UN Equity,BUY,70%,increase,3-7%,BUY
87,07/28/2020,PFE UN Equity,BUY,high,increase,moderate,BUY
88,07/28/2020,RTX UN Equity,BUY,high,decrease,medium,SELL
89,07/29/2020,AMGN UW Equity,BUY,80%,decrease,8-12%,SELL
90,07/30/2020,DD UN Equity,SELL,high,decrease,10-15%,SELL
91,07/28/2020,VZ UN Equity,BUY,85%,increase,6-8%,BUY
92,07/30/2020,AMZN UQ Equity,BUY,60%,increase,3-8%,BUY
93,07/31/2020,MSFT UQ Equity,HOLD,high,increase,medium,BUY
94,07/29/2020,BA UN Equity,SELL,high,decrease,5-10%,SELL
95,07/31/2020,XOM UN Equity,SELL,40,decrease,slight,SELL
96,07/30/2020,AAPL UW Equity,BUY,high,increase,5-7%,BUY
97,07/31/2020,MRK UN Equity,HOLD,high,increase,7-12%,BUY
98,08/03/2020,JPM UN Equity,BUY,high,increase,moderate to high,BUY
99,07/31/2020,AAPL UQ Equity,BUY,85%,increase,7-12%,BUY
100,08/04/2020,DIS UN Equity,HOLD,70%,decrease,5-10%,SELL
101,08/05/2020,CVX UN Equity,SELL,70%,decrease,8-12%,SELL
102,08/12/2020,CSCO UW Equity,BUY,high,increase,7-12%,BUY
103,08/18/2020,HD UN Equity,BUY,high,increase,medium,BUY
104,08/19/2020,NVDA UQ Equity,BUY,85%,increase,5-10%,BUY
105,09/22/2020,NKE UN Equity,BUY,30-40%,decrease,10-15%,SELL
106,10/14/2020,GS UN Equity,BUY,high,increase,5-7%,BUY
107,08/05/2020,CAT UN Equity,HOLD,70%,decrease,significant,SELL
108,09/02/2020,WMT UN Equity,SELL,60%,decrease,5-10%,SELL
109,08/06/2020,PG UN Equity,HOLD,high,increase,5-10%,BUY
110,10/20/2020,PG UN Equity,HOLD,high,increase,5-7%,BUY
111,10/15/2020,WBA UQ Equity,SELL,70%,decrease,5-15%,SELL
112,10/20/2020,TRV UN Equity,HOLD,high,decrease,10-15%,SELL
113,08/10/2020,MCD UN Equity,SELL,80%,decrease,10-15%,SELL
114,10/23/2020,JNJ UN Equity,BUY,75%,increase,7-12%,BUY
115,10/23/2020,AXP UN Equity,HOLD,70%,decrease,5-15%,SELL
116,10/27/2020,MSFT UQ Equity,BUY,high,increase,6-8%,BUY
117,10/27/2020,SHW UN Equity,HOLD,medium,increase,small,BUY
118,10/23/2020,INTC UW Equity,HOLD,60%,decrease,5-10%,SELL
119,10/22/2020,KO UN Equity,HOLD,moderate,increase,small,BUY
120,10/27/2020,RTX UN Equity,SELL,70%,decrease,8-12%,SELL
121,10/30/2020,DD UN Equity,HOLD,70%,decrease,8-12%,SELL
123,10/28/2020,BA UN Equity,BUY,high,decrease,10-15%,SELL
124,11/05/2020,PFE UN Equity,BUY,85%,increase,6-8%,BUY
125,11/02/2020,UNH UN Equity,BUY,medium,increase,small,BUY
126,11/04/2020,XOM UN Equity,SELL,30%,decrease,10-15%,SELL
127,10/29/2020,AAPL UW Equity,BUY,high,increase,10-15%,BUY
128,10/27/2020,MMM UN Equity,HOLD,85%,increase,7-12%,BUY
129,10/30/2020,HON UW Equity,BUY,75%,increase,3-5%,BUY
130,10/29/2020,AMGN UW Equity,BUY,80%,increase,5-10%,BUY
131,10/29/2020,DOW UN Equity,HOLD,high,decrease,medium,SELL
132,10/29/2020,AMZN UQ Equity,BUY,80%,increase,5-10%,BUY
133,10/27/2020,IBM UN Equity,BUY,70%,increase,5-10%,BUY
134,10/27/2020,CAT UN Equity,SELL,60%,decrease,5-15%,SELL
135,11/09/2020,MCD UN Equity,BUY,85%,increase,6-8%,BUY
136,11/05/2020,CVX UN Equity,BUY,moderate,decrease,5-10%,SELL
137,11/05/2020,MRK UN Equity,BUY,85%,increase,6-8%,BUY
138,10/27/2020,VZ UN Equity,BUY,70%,increase,5-7%,BUY
139,11/02/2020,JPM UN Equity,BUY,55%,increase,1.5-2.5%,BUY
140,10/28/2020,V UN Equity,BUY,85%,increase,7-12%,BUY
141,11/17/2020,HD UN Equity,HOLD,85%,increase,7-12%,BUY
142,01/21/2021,TRV UN Equity,BUY,high,increase,medium,BUY
143,01/07/2021,WBA UQ Equity,HOLD,high,decrease,5-10%,SELL
144,12/18/2020,NKE UN Equity,BUY,75%,increase,8-12%,BUY
145,01/21/2021,INTC UQ Equity,BUY,high,increase,5-7%,BUY
146,11/17/2020,CSCO UQ Equity,BUY,80%,increase,5-15%,BUY
147,01/15/2021,JPM UN Equity,BUY,85%,increase,7-12%,BUY
148,01/20/2021,PG UN Equity,BUY,85%,increase,7-12%,BUY
149,11/18/2020,NVDA UQ Equity,BUY,high,increase,moderate,BUY
150,01/26/2021,JNJ UN Equity,HOLD,high,increase,8-12%,BUY
151,12/04/2020,CRM UN Equity,BUY,moderate,increase,moderate,BUY
152,11/17/2020,WMT UN Equity,HOLD,medium,increase,small,BUY
153,11/25/2020,DIS UN Equity,BUY,medium,stay flat,low,HOLD
154,01/26/2021,MMM UN Equity,BUY,85%,increase,8-12%,BUY
155,01/27/2021,BA UN Equity,BUY,high,decrease,medium,SELL
156,11/12/2020,CSCO UW Equity,BUY,moderate,decrease,5-7%,SELL
157,01/27/2021,AAPL UQ Equity,BUY,high,decrease,5-10%,SELL
158,01/26/2021,MSFT UQ Equity,BUY,high,increase,5-7%,BUY
159,01/26/2021,VZ UN Equity,HOLD,moderate,increase,small,BUY
160,01/28/2021,DOW UN Equity,BUY,high,increase,10-15%,BUY
161,01/29/2021,HON UQ Equity,HOLD,70%,decrease,2-5%,SELL
162,01/29/2021,V UN Equity,BUY,medium,decrease,slight,SELL
163,01/28/2021,SHW UN Equity,BUY,high,increase,7-12%,BUY
164,01/28/2021,AAPL UW Equity,BUY,65%,increase,8-10%,BUY
165,01/29/2021,CVX UN Equity,SELL,medium,decrease,moderate,SELL
166,02/09/2021,AMGN UW Equity,BUY,85%,increase,7-12%,BUY
167,02/03/2021,AMZN UQ Equity,BUY,high,increase,medium,BUY
168,02/10/2021,KO UN Equity,BUY,medium,decrease,2-5%,SELL
169,02/09/2021,CSCO UQ Equity,BUY,70%,increase,5-10%,BUY
170,02/11/2021,DIS UN Equity,SELL,70%,decrease,5-10%,SELL
171,02/17/2021,CAT UN Equity,BUY,80%,increase,5-10%,BUY
172,02/12/2021,HON UW Equity,BUY,70%,flat,small,HOLD
173,02/12/2021,DD UN Equity,HOLD,65%,decrease,8-12%,SELL
174,02/22/2021,GS UN Equity,BUY,high,increase,moderate,BUY
175,02/08/2021,RTX UN Equity,BUY,70%,decrease,10-15%,SELL
176,02/12/2021,AXP UN Equity,HOLD,moderate,decrease,5-10%,SELL
177,02/16/2021,CSCO UW Equity,BUY,moderate,increase,small,BUY
178,02/23/2021,IBM UN Equity,BUY,40%,decrease,5-15%,SELL
179,02/23/2021,MCD UN Equity,SELL,70%,decrease,5-10%,SELL
180,02/24/2021,NVDA UQ Equity,BUY,high,increase,5-7%,BUY
181,02/25/2021,XOM UN Equity,HOLD,high,decrease,15-20%,SELL
182,02/25/2021,MRK UN Equity,SELL,high,decrease,moderate,SELL
183,03/01/2021,UNH UN Equity,SELL,60%,decrease,5-10%,SELL
184,02/25/2021,CRM UN Equity,BUY,high,increase,medium,BUY
185,03/19/2021,WMT UN Equity,SELL,70%,decrease,5-10%,SELL
186,03/24/2021,HD UN Equity,BUY,high,decrease,5-10%,SELL
187,04/14/2021,JPM UN Equity,BUY,high,increase,7-12%,BUY
188,03/31/2021,WBA UQ Equity,SELL,70%,decrease,7-12%,SELL
189,04/15/2021,UNH UN Equity,BUY,75%,increase,5-10%,BUY
190,04/02/2021,NKE UN Equity,HOLD,50%,increase,2-5%,BUY
191,04/20/2021,PG UN Equity,BUY,75%,increase,4-8%,BUY
192,04/20/2021,TRV UN Equity,HOLD,high,increase,5-10%,BUY
193,04/23/2021,AXP UN Equity,BUY,moderate,increase,3-5%,BUY
194,04/14/2021,GS UN Equity,BUY,high,increase,medium,BUY
195,04/21/2021,VZ UN Equity,HOLD,medium,flat,slight decrease,HOLD
196,02/25/2021,PFE UN Equity,BUY,55%,increase,4-8%,BUY
197,04/22/2021,INTC UW Equity,BUY,high,increase,moderate,BUY
198,04/23/2021,DOW UN Equity,BUY,high,increase,medium,BUY
199,04/27/2021,MSFT UQ Equity,BUY,80%,increase,5-7%,BUY
200,04/27/2021,IBM UN Equity,BUY,high,increase,7-12%,BUY
201,04/27/2021,RTX UN Equity,SELL,high,decrease,medium,SELL
202,04/27/2021,AMGN UQ Equity,BUY,high,increase,medium,BUY
203,04/27/2021,SHW UN Equity,BUY,80%,increase,7-12%,BUY
204,04/27/2021,V UN Equity,BUY,60%,decrease,5-15%,SELL
205,05/04/2021,DD UN Equity,HOLD,60%,increase,low,BUY
206,04/28/2021,AAPL UQ Equity,HOLD,85%,increase,7-12%,BUY
207,04/29/2021,MRK UN Equity,BUY,high,increase,5-10%,BUY
208,04/29/2021,CAT UN Equity,BUY,high,increase,5-10%,BUY
209,04/27/2021,KO UN Equity,BUY,high,increase,medium,BUY
210,04/30/2021,JNJ UN Equity,BUY,60%,decrease,2-4%,SELL
211,04/27/2021,MMM UN Equity,BUY,moderate,increase,3-5%,BUY
212,04/30/2021,AMZN UQ Equity,HOLD,medium,increase,small,BUY
213,04/28/2021,BA UN Equity,BUY,60,decrease,small,SELL
214,05/04/2021,PFE UN Equity,BUY,moderate,increase,3-5%,BUY
215,04/30/2021,XOM UN Equity,BUY,50%,increase,2-5%,BUY
216,05/13/2021,DIS UN Equity,BUY,70%,decrease,8-12%,SELL
217,05/06/2021,CVX UN Equity,BUY,high,decrease,10-15%,SELL
218,05/05/2021,MCD UN Equity,BUY,high,increase,6-8%,BUY
219,05/18/2021,WMT UN Equity,BUY,70%,decrease,7-12%,SELL
220,05/25/2021,HD UN Equity,BUY,high,increase,5-10%,BUY
221,05/19/2021,CSCO UW Equity,BUY,high,increase,5-10%,BUY
222,05/27/2021,CRM UN Equity,BUY,60%,increase,2-5%,BUY
223,07/15/2021,UNH UN Equity,BUY,60%,decrease,5-10%,SELL
224,05/26/2021,NVDA UQ Equity,BUY,85%,increase,7-12%,BUY
225,07/13/2021,JPM UN Equity,BUY,80%,increase,5-7%,BUY
226,07/20/2021,NKE UN Equity,BUY,high,increase,10-15%,BUY
227,07/20/2021,TRV UN Equity,BUY,85%,increase,7-12%,BUY
228,07/01/2021,WBA UW Equity,BUY,high,increase,5-10%,BUY
229,07/19/2021,IBM UN Equity,BUY,80%,increase,8-12%,BUY
230,07/21/2021,KO UN Equity,BUY,high,increase,5-7%,BUY
231,07/21/2021,VZ UN Equity,HOLD,60%,flat,minimal,HOLD
232,07/22/2021,DOW UN Equity,BUY,85%,increase,10-15%,BUY
233,07/22/2021,INTC UQ Equity,BUY,60%,increase,1-4%,BUY
234,07/21/2021,JNJ UN Equity,SELL,60%,decrease,10-15%,SELL
235,07/23/2021,AXP UN Equity,HOLD,55%,increase,3-8%,BUY
236,07/23/2021,HON UN Equity,BUY,85%,increase,6-12%,BUY
237,07/27/2021,AAPL UW Equity,BUY,80%,increase,5-10%,BUY
238,07/27/2021,MMM UN Equity,BUY,85%,increase,3-7%,BUY
239,07/27/2021,SHW UN Equity,BUY,70%,increase,10-15%,BUY
240,07/28/2021,BA UN Equity,BUY,high,decrease,12-18%,SELL
241,07/28/2021,MCD UN Equity,BUY,high,increase,medium,BUY
242,07/29/2021,V UN Equity,BUY,85%,increase,5-12%,BUY
243,07/28/2021,PFE UN Equity,BUY,moderate,increase,5-10%,BUY
244,07/27/2021,RTX UN Equity,BUY,85%,increase,7-12%,BUY
245,07/30/2021,PG UN Equity,HOLD,75%,increase,4-6%,BUY
246,07/30/2021,XOM UN Equity,SELL,high,decrease,10-15%,SELL
247,07/29/2021,MSFT UW Equity,BUY,high,increase,5-7%,BUY
248,08/12/2021,DIS UN Equity,SELL,70%,decrease,moderate,SELL
249,07/30/2021,AMZN UQ Equity,HOLD,moderate,decrease,2-5%,SELL
250,08/03/2021,AMGN UW Equity,BUY,85%,increase,7-12%,BUY
251,08/17/2021,WMT UN Equity,BUY,70%,increase,5-10%,BUY
252,08/04/2021,GS UN Equity,BUY,high,increase,medium,BUY
253,08/04/2021,AMGN UQ Equity,BUY,high,increase,medium,BUY
254,08/03/2021,DD UN Equity,BUY,80%,increase,10-15%,BUY
255,08/18/2021,CSCO UQ Equity,BUY,85%,increase,8-12%,BUY
256,08/04/2021,CAT UN Equity,BUY,high,increase,small,BUY
257,08/20/2021,NVDA UQ Equity,BUY,85%,increase,5-12%,BUY
258,08/24/2021,HD UN Equity,BUY,80%,increase,5-10%,BUY
259,08/05/2021,CVX UN Equity,BUY,75%,increase,7-12%,BUY
260,09/09/2021,CSCO UW Equity,BUY,85%,increase,6-8%,BUY
261,08/25/2021,CRM UN Equity,BUY,70%,increase,moderate,BUY
262,10/05/2021,NKE UN Equity,SELL,70%,decrease,8-12%,SELL
263,10/14/2021,WBA UW Equity,BUY,80%,increase,5-10%,BUY
264,10/19/2021,TRV UN Equity,BUY,85%,increase,7-12%,BUY
265,10/15/2021,GS UN Equity,BUY,high,increase,5-10%,BUY
266,10/14/2021,UNH UN Equity,BUY,80%,increase,5-10%,BUY
267,10/21/2021,INTC UW Equity,HOLD,60%,decrease,0-2%,SELL
268,10/20/2021,VZ UN Equity,BUY,40%,decrease,3-5%,SELL
269,10/20/2021,PG UN Equity,BUY,high,increase,small,BUY
270,10/22/2021,INTC UQ Equity,HOLD,60%,flat,slight,HOLD
271,10/22/2021,DOW UN Equity,BUY,high,increase,5-10%,BUY
272,10/26/2021,V UN Equity,BUY,85%,increase,7-10%,BUY
273,10/22/2021,AXP UN Equity,HOLD,80%,increase,8-12%,BUY
274,10/22/2021,HON UW Equity,BUY,high,increase,5-10%,BUY
275,10/26/2021,MSFT UQ Equity,BUY,85%,increase,8-12%,BUY
276,10/26/2021,RTX UN Equity,BUY,80%,increase,5-10%,BUY
277,10/26/2021,SHW UN Equity,BUY,high,decrease,medium,SELL
278,10/26/2021,MMM UN Equity,BUY,80%,increase,5-10%,BUY
279,10/27/2021,BA UN Equity,BUY,85%,decrease,12-18%,SELL
280,10/27/2021,KO UN Equity,BUY,high,increase,5-7%,BUY
281,10/27/2021,MCD UN Equity,BUY,high,increase,5-7%,BUY
282,10/28/2021,AAPL UQ Equity,BUY,65%,increase,2-5%,BUY
283,10/29/2021,AAPL UW Equity,BUY,moderate,flat,slight decrease,HOLD
284,11/02/2021,DD UN Equity,BUY,high,increase,5-10%,BUY
285,10/29/2021,AMZN UQ Equity,HOLD,moderate,decrease,small,SELL
286,10/28/2021,MRK UN Equity,HOLD,high,increase,5-10%,BUY
287,11/02/2021,CVX UN Equity,BUY,high,increase,moderate,BUY
288,11/02/2021,CAT UN Equity,HOLD,moderate,flat,slight decrease,HOLD
289,10/29/2021,XOM UN Equity,SELL,high,decrease,moderate,SELL
290,11/02/2021,PFE UN Equity,SELL,high,decrease,5-10%,SELL
291,11/02/2021,JPM UN Equity,BUY,75%,increase,7-12%,BUY
292,10/29/2021,JNJ UN Equity,BUY,80%,increase,5-10%,BUY
293,11/02/2021,AMGN UW Equity,BUY,high,increase,medium,BUY
294,11/16/2021,WMT UN Equity,SELL,high,decrease,medium,SELL
295,11/05/2021,IBM UN Equity,SELL,high,decrease,significant,SELL
296,11/17/2021,CSCO UW Equity,HOLD,high,increase,5-10%,BUY
297,11/23/2021,CSCO UQ Equity,BUY,Neutral,decrease,2-5%,SELL
298,11/17/2021,NVDA UQ Equity,BUY,85%,increase,7-12%,BUY
299,11/30/2021,CRM UN Equity,BUY,moderate,increase,5-10%,BUY
300,12/20/2021,NKE UN Equity,SELL,medium,decrease,5-7%,SELL
301,11/23/2021,HD UN Equity,BUY,75%,increase,6-8%,BUY
302,11/24/2021,DIS UN Equity,BUY,70%,decrease,8-12%,SELL
303,01/06/2022,WBA UW Equity,BUY,high,increase,10-15%,BUY
304,01/19/2022,PG UN Equity,BUY,60%,decrease,3-5%,SELL
305,01/14/2022,JPM UN Equity,BUY,high,increase,moderate,BUY
306,01/25/2022,MSFT UW Equity,HOLD,high,increase,5-7%,BUY
307,01/18/2022,GS UN Equity,BUY,60%,increase,3-8%,BUY
308,01/25/2022,AXP UN Equity,BUY,high,increase,medium,BUY
309,01/25/2022,RTX UN Equity,BUY,65%,increase,7-12%,BUY
310,01/26/2022,BA UN Equity,BUY,moderate,increase,small,BUY
311,01/25/2022,JNJ UN Equity,BUY,high,increase,moderate,BUY
312,01/27/2022,AAPL UQ Equity,BUY,moderate,decrease,moderate,SELL
313,01/26/2022,INTC UQ Equity,BUY,85%,increase,7-10%,BUY
314,01/27/2022,INTC UW Equity,BUY,70%,decrease,5-10%,SELL
315,01/27/2022,MCD UN Equity,BUY,high,increase,medium,BUY
316,01/28/2022,CAT UN Equity,BUY,high,increase,medium,BUY
317,02/03/2022,AMZN UQ Equity,BUY,70%,decrease,5-10%,SELL
318,02/03/2022,HON UN Equity,BUY,high,increase,medium,BUY
319,02/04/2022,DOW UN Equity,BUY,high,increase,5-10%,BUY
320,02/09/2022,DIS UN Equity,BUY,high,increase,moderate,BUY
321,02/07/2022,AMGN UQ Equity,BUY,75%,increase,8-12%,BUY
322,01/28/2022,V UN Equity,HOLD,high,decrease,5-10%,SELL
324,02/25/2022,MRK UN Equity,SELL,40,flat,-2 to 2,HOLD
325,02/15/2022,UNH UN Equity,BUY,high,increase,medium,BUY
326,02/17/2022,WMT UN Equity,BUY,medium,decrease,small,SELL
327,03/01/2022,HD UN Equity,BUY,70%,flat,0-5%,HOLD
328,02/11/2022,VZ UN Equity,BUY,85%,increase,5-10%,BUY
329,02/17/2022,SHW UN Equity,HOLD,70%,decrease,8-12%,SELL
330,02/22/2022,CSCO UQ Equity,BUY,moderate,increase,small,BUY
331,02/11/2022,DD UN Equity,BUY,high,increase,moderate,BUY
332,02/22/2022,IBM UN Equity,HOLD,40%,stay flat,-2% to 2%,HOLD
333,02/16/2022,CSCO UW Equity,SELL,10-Jul,decrease,moderate,SELL
334,02/17/2022,TRV UN Equity,BUY,moderate,decrease,small,SELL
335,02/23/2022,XOM UN Equity,BUY,85%,increase,12-18%,BUY
336,02/25/2022,CVX UN Equity,HOLD,moderate,increase,2-5%,BUY
337,03/01/2022,CRM UN Equity,HOLD,70%,decrease,10-15%,SELL
338,02/16/2022,NVDA UQ Equity,BUY,high,increase,5-10%,BUY
339,02/22/2022,KO UN Equity,BUY,moderate,increase,small,BUY
340,02/24/2022,PFE UN Equity,BUY,high,decrease,small,SELL
341,02/16/2022,AMGN UW Equity,BUY,moderate,increase,small,BUY
342,03/31/2022,WBA UW Equity,BUY,70%,decrease,10-15%,SELL
343,04/13/2022,JPM UN Equity,BUY,65%,flat,+2% to +5%,HOLD
344,04/19/2022,TRV UN Equity,BUY,high,increase,medium,BUY
345,04/14/2022,GS UN Equity,HOLD,70%,decrease,5-10%,SELL
346,04/05/2022,NKE UN Equity,BUY,moderate,decrease,small,SELL
347,04/26/2022,V UN Equity,BUY,70%,increase,8-12%,BUY
348,04/22/2022,DOW UN Equity,BUY,85%,increase,6-8%,BUY
349,04/26/2022,MMM UN Equity,BUY,60%,decrease,2-4%,SELL
350,04/21/2022,VZ UN Equity,BUY,75%,increase,7-12%,BUY
351,04/26/2022,RTX UN Equity,BUY,high,increase,5-7%,BUY
352,04/22/2022,AXP UN Equity,BUY,moderate,increase,10-12%,BUY
353,04/19/2022,JNJ UN Equity,HOLD,medium,increase,2-5%,BUY
354,04/20/2022,PG UN Equity,BUY,medium,increase,small,BUY
355,04/26/2022,IBM UN Equity,BUY,75%,increase,7-12%,BUY
356,04/26/2022,MSFT UW Equity,BUY,85%,increase,7-12%,BUY
357,04/26/2022,SHW UN Equity,HOLD,70%,decrease,8-12%,SELL
358,04/28/2022,KO UN Equity,BUY,85%,increase,8-10%,BUY
359,04/27/2022,BA UN Equity,HOLD,70%,decrease,10-15%,SELL
360,04/27/2022,AMGN UQ Equity,BUY,moderate,increase,small,BUY
361,04/28/2022,INTC UQ Equity,BUY,75%,increase,7-12%,BUY
362,04/28/2022,MCD UN Equity,BUY,70%,decrease,5-10%,SELL
363,04/28/2022,AAPL UQ Equity,BUY,high,increase,5-7%,BUY
364,05/25/2022,CSCO UW Equity,BUY,70%,decrease,5-10%,SELL
365,04/29/2022,AMZN UQ Equity,BUY,70%,flat,0-5%,HOLD
366,05/05/2022,MRK UN Equity,BUY,85%,increase,7-12%,BUY
367,04/29/2022,XOM UN Equity,BUY,40%,increase,3-5%,BUY
368,05/06/2022,DD UN Equity,BUY,65%,increase,5-7%,BUY
369,05/11/2022,DIS UN Equity,BUY,60%,decrease,5-15%,SELL
370,04/29/2022,CVX UN Equity,SELL,60%,decrease,2-5%,SELL
371,05/04/2022,UNH UN Equity,BUY,70%,decrease,5-10%,SELL
372,05/17/2022,HD UN Equity,BUY,high,decrease,low single-digit,SELL
373,05/04/2022,CAT UN Equity,BUY,70%,increase,3-6%,BUY
374,06/03/2022,WMT UN Equity,SELL,70%,decrease,medium,SELL
375,06/01/2022,CRM UN Equity,BUY,70%,increase,5-10%,BUY
376,06/30/2022,WBA UW Equity,HOLD,high,decrease,5-10%,SELL
377,05/25/2022,NVDA UQ Equity,BUY,70%,increase,0-5%,BUY
378,07/15/2022,UNH UN Equity,BUY,moderate,increase,3-7%,BUY
379,04/29/2022,HON UN Equity,HOLD,40%,flat,-2% to 0%,HOLD
380,07/18/2022,GS UN Equity,BUY,85%,increase,6-8%,BUY
381,07/18/2022,IBM UN Equity,BUY,55%,increase,3-8%,BUY
382,04/29/2022,AAPL UW Equity,HOLD,moderate,decrease,small,SELL
383,07/21/2022,TRV UN Equity,BUY,high,decrease,5-10%,SELL
384,07/27/2022,MMM UN Equity,SELL,70%,decrease,5-15%,SELL
385,07/22/2022,VZ UN Equity,BUY,moderate,decrease,small,SELL
386,07/26/2022,MCD UN Equity,SELL,high,decrease,medium,SELL
387,07/26/2022,RTX UN Equity,BUY,60%,decrease,5-7%,SELL
388,07/22/2022,AXP UN Equity,HOLD,medium-low,increase,small,BUY
389,07/27/2022,SHW UN Equity,BUY,medium,decrease,moderate,SELL
390,07/21/2022,DOW UN Equity,SELL,high,decrease,5-10%,SELL
391,07/21/2022,NKE UN Equity,SELL,80%,decrease,8-12%,SELL
392,07/27/2022,BA UN Equity,SELL,moderate,decrease,10-15%,SELL
393,07/26/2022,MSFT UQ Equity,BUY,high,decrease,2-5%,SELL
394,07/26/2022,KO UN Equity,BUY,55,increase,2-3%,BUY
395,07/28/2022,HON UW Equity,BUY,70%,increase,5-7%,BUY
396,07/28/2022,V UN Equity,HOLD,85%,increase,8-12%,BUY
397,07/28/2022,INTC UW Equity,BUY,high,decrease,5-10%,SELL
398,07/28/2022,MSFT UW Equity,BUY,40,decrease,-2,SELL
399,07/28/2022,AAPL UW Equity,SELL,70%,stay flat,slight decrease,HOLD
400,07/29/2022,AAPL UQ Equity,SELL,moderate,flat,slight,HOLD
401,07/29/2022,PG UN Equity,BUY,medium,decrease,moderate,SELL
402,07/29/2022,INTC UQ Equity,SELL,70%,decrease,15-20%,SELL
403,08/02/2022,DD UN Equity,HOLD,low,increase,small,BUY
404,08/03/2022,JPM UN Equity,BUY,high,decrease,5-10%,SELL
405,08/03/2022,XOM UN Equity,BUY,75%,increase,10-15%,BUY
406,08/04/2022,MRK UN Equity,BUY,85%,increase,7-12%,BUY
407,08/04/2022,CVX UN Equity,HOLD,85%,increase,7-12%,BUY
408,08/24/2022,CRM UN Equity,BUY,moderate,increase,5-10%,BUY
409,08/16/2022,HD UN Equity,HOLD,high,decrease,5-10%,SELL
410,08/02/2022,CAT UN Equity,BUY,high,increase,7-12%,BUY
411,07/29/2022,AMZN UQ Equity,HOLD,high,decrease,moderate,SELL
412,08/10/2022,PFE UN Equity,HOLD,high,increase,medium,BUY
413,08/05/2022,AMGN UQ Equity,HOLD,70%,increase,8-12%,BUY
414,09/29/2022,NKE UN Equity,BUY,85%,increase,7-12%,BUY
415,08/31/2022,NVDA UQ Equity,HOLD,70%,decrease,8-12%,SELL
416,10/13/2022,WBA UW Equity,HOLD,70,decrease,moderate,SELL
417,09/08/2022,CSCO UW Equity,BUY,80%,increase,5-7%,BUY
418,10/14/2022,UNH UN Equity,BUY,75%,increase,5-10%,BUY
419,08/10/2022,DIS UN Equity,HOLD,moderate,increase,small,BUY
420,10/14/2022,JPM UN Equity,BUY,65%,decrease,moderate,SELL
421,10/18/2022,JNJ UN Equity,BUY,moderate,increase,small,BUY
422,09/02/2022,WMT UN Equity,BUY,high,decrease,moderate,SELL
423,10/19/2022,TRV UN Equity,BUY,70%,decrease,2-5%,SELL
424,10/28/2022,INTC UW Equity,BUY,moderate,increase,2-5%,BUY
425,10/26/2022,BA UN Equity,BUY,high,decrease,medium,SELL
426,10/19/2022,IBM UN Equity,HOLD,70%,decrease,10-15%,SELL
427,10/26/2022,KO UN Equity,BUY,80%,increase,5-10%,BUY
428,10/25/2022,SHW UN Equity,HOLD,high,decrease,medium,SELL
429,10/25/2022,RTX UN Equity,HOLD,85%,increase,5-8%,BUY
430,10/27/2022,HON UN Equity,BUY,high,increase,medium,BUY
431,10/27/2022,MRK UN Equity,HOLD,high,increase,moderate,BUY
432,10/25/2022,MSFT UW Equity,HOLD,60%,flat,slight decrease,HOLD
433,10/27/2022,AAPL UQ Equity,BUY,high,increase,5-7%,BUY
434,10/21/2022,AXP UN Equity,BUY,high,increase,5-7%,BUY
435,10/25/2022,VZ UN Equity,BUY,moderate,flat,slight increase,HOLD
436,10/27/2022,AMZN UQ Equity,BUY,70%,increase,5-10%,BUY
437,10/21/2022,DOW UN Equity,SELL,70%,decrease,5-15%,SELL
438,10/25/2022,MMM UN Equity,HOLD,high,decrease,10-15%,SELL
439,10/25/2022,V UN Equity,BUY,80%,increase,5-7%,BUY
440,10/28/2022,AAPL UW Equity,HOLD,high,increase,6-8%,BUY
441,10/19/2022,PG UN Equity,BUY,high,decrease,moderate,SELL
442,10/18/2022,GS UN Equity,BUY,60%,increase,3-5%,BUY
443,11/02/2022,XOM UN Equity,BUY,85%,increase,7-12%,BUY
444,11/16/2022,CSCO UW Equity,BUY,85%,increase,5-10%,BUY
445,11/04/2022,AMGN UW Equity,BUY,medium,increase,4-8%,BUY
446,12/01/2022,WMT UN Equity,HOLD,medium,decrease,0-5%,SELL
447,11/22/2022,HD UN Equity,HOLD,moderate,decrease,small,SELL
448,11/16/2022,NVDA UQ Equity,BUY,80%,increase,5-10%,BUY
449,11/22/2022,CSCO UQ Equity,BUY,85%,increase,7-12%,BUY
450,11/08/2022,DD UN Equity,BUY,high,increase,5-7%,BUY
451,11/03/2022,AMGN UQ Equity,HOLD,high,increase,moderate,BUY
452,11/29/2022,DIS UN Equity,HOLD,70,decrease,10-15%,SELL
453,11/02/2022,CAT UN Equity,BUY,high,increase,5-10%,BUY
454,01/13/2023,UNH UN Equity,BUY,high,increase,5-7%,BUY
455,12/01/2022,CRM UN Equity,BUY,65%,increase,5-10%,BUY
456,01/05/2023,WBA UW Equity,BUY,high,decrease,15-20%,SELL
457,11/09/2022,PFE UN Equity,BUY,high,increase,medium,BUY
458,11/03/2022,CVX UN Equity,BUY,80%,increase,5-7%,BUY
459,11/07/2022,MCD UN Equity,BUY,high,increase,5-10%,BUY
460,12/20/2022,NKE UN Equity,SELL,70%,decrease,5-10%,SELL
461,01/19/2023,PG UN Equity,HOLD,moderate,stay flat,slight decrease,HOLD
462,01/17/2023,GS UN Equity,BUY,high,decrease,medium,SELL
463,01/26/2023,V UN Equity,BUY,85%,increase,7-12%,BUY
464,02/02/2023,AMZN UQ Equity,SELL,70%,decrease,10-15%,SELL
465,01/25/2023,IBM UN Equity,BUY,60%,decrease,5-10%,SELL
466,01/24/2023,RTX UN Equity,BUY,75%,increase,5-7%,BUY
467,01/26/2023,DOW UN Equity,HOLD,high,decrease,10-15%,SELL
468,01/24/2023,MSFT UQ Equity,BUY,high,increase,6-8%,BUY
469,01/26/2023,SHW UN Equity,BUY,70%,decrease,2-5%,SELL
470,01/24/2023,JNJ UN Equity,HOLD,medium,increase,small,BUY
471,01/27/2023,INTC UW Equity,HOLD,70%,decrease,moderate,SELL
472,01/31/2023,AMGN UQ Equity,BUY,medium,increase,small,BUY
473,01/31/2023,CAT UN Equity,HOLD,medium,increase,small,BUY
474,01/24/2023,VZ UN Equity,SELL,low,decrease,moderate,SELL
475,01/26/2023,INTC UQ Equity,SELL,70%,decrease,10-15%,SELL
476,02/02/2023,AAPL UW Equity,BUY,70%,decrease,5-10%,SELL
477,02/02/2023,MRK UN Equity,BUY,75%,increase,5-10%,BUY
478,02/03/2023,AAPL UQ Equity,BUY,60%,decrease,5-15%,SELL
479,02/02/2023,HON UN Equity,HOLD,40%,flat,slight decrease,HOLD
480,02/08/2023,DIS UN Equity,SELL,high,decrease,moderate,SELL
481,02/08/2023,MMM UN Equity,SELL,high,decrease,medium,SELL
482,01/27/2023,BA UN Equity,BUY,70%,decrease,7-12%,SELL
483,02/15/2023,DD UN Equity,BUY,medium,increase,small,BUY
484,02/10/2023,AXP UN Equity,BUY,high,increase,6-12%,BUY
485,02/15/2023,CSCO UW Equity,BUY,high,increase,medium,BUY
486,02/21/2023,CSCO UQ Equity,HOLD,80%,increase,5-7%,BUY
487,02/14/2023,KO UN Equity,BUY,75%,increase,3-8%,BUY
488,02/21/2023,WMT UN Equity,BUY,80%,increase,8-12%,BUY
489,02/22/2023,XOM UN Equity,BUY,high,increase,5-7%,BUY
490,02/21/2023,HD UN Equity,BUY,70%,decrease,3-6%,SELL
491,02/24/2023,PFE UN Equity,BUY,high,increase,medium,BUY
492,02/22/2023,JPM UN Equity,BUY,75%,decrease,0-5%,SELL
493,02/23/2023,CVX UN Equity,BUY,high,increase,5-10%,BUY
494,02/24/2023,MCD UN Equity,SELL,high,decrease,5-10%,SELL
495,03/08/2023,CRM UN Equity,BUY,70%,increase,5-10%,BUY
496,02/22/2023,NVDA UQ Equity,BUY,85%,increase,7-12%,BUY
497,04/14/2023,JPM UN Equity,HOLD,high,decrease,slight,SELL
498,02/16/2023,TRV UN Equity,BUY,85%,increase,5-12%,BUY
499,03/28/2023,WBA UW Equity,SELL,high,decrease,5-10%,SELL
500,04/18/2023,GS UN Equity,HOLD,moderate,decrease,small,SELL
501,04/14/2023,UNH UN Equity,BUY,medium,increase,small,BUY
502,04/06/2023,NKE UN Equity,BUY,60%,increase,2-4%,BUY
503,04/25/2023,SHW UN Equity,SELL,high,decrease,5-10%,SELL
504,04/19/2023,TRV UN Equity,BUY,high,increase,7-12%,BUY
505,04/20/2023,AXP UN Equity,BUY,high,increase,5-10%,BUY
506,04/21/2023,PG UN Equity,BUY,85%,increase,6-8%,BUY
507,04/25/2023,DOW UN Equity,BUY,65%,decrease,5-10%,SELL
508,04/25/2023,VZ UN Equity,BUY,medium,decrease,1-2%,SELL
509,04/25/2023,RTX UN Equity,BUY,75%,increase,5-7%,BUY
510,04/25/2023,MSFT UQ Equity,BUY,75%,increase,4-6%,BUY
511,04/25/2023,MMM UN Equity,BUY,65%,decrease,5-15%,SELL
512,04/26/2023,KO UN Equity,BUY,medium,increase,5-7%,BUY
513,04/27/2023,V UN Equity,BUY,high,increase,7-12%,BUY
514,04/28/2023,AMGN UW Equity,BUY,high,increase,5-10%,BUY
515,04/26/2023,BA UN Equity,BUY,75%,increase,7-12%,BUY
516,04/28/2023,INTC UQ Equity,BUY,70%,decrease,10-15%,SELL
517,04/27/2023,MRK UN Equity,BUY,85%,increase,5-7%,BUY
518,04/27/2023,AMZN UQ Equity,BUY,medium,flat,slight decrease,HOLD
519,04/27/2023,HON UQ Equity,BUY,high,decrease,slight,SELL
520,04/28/2023,JNJ UN Equity,HOLD,high,decrease,medium,SELL
521,04/25/2023,IBM UN Equity,BUY,medium,increase,3-6%,BUY
522,05/02/2023,DD UN Equity,BUY,medium,increase,small,BUY
523,04/28/2023,XOM UN Equity,SELL,60%,decrease,5-15%,SELL
524,05/10/2023,DIS UN Equity,SELL,high,decrease,moderate,SELL
525,04/28/2023,CVX UN Equity,BUY,75%,increase,4-6%,BUY
526,05/03/2023,CAT UN Equity,BUY,85%,increase,5-7%,BUY
527,05/04/2023,AAPL UW Equity,BUY,85%,increase,6-12%,BUY
528,05/10/2023,PFE UN Equity,BUY,60%,increase,1-3%,BUY
529,05/04/2023,MCD UN Equity,BUY,medium,increase,small,BUY
530,05/24/2023,CSCO UQ Equity,BUY,moderate,decrease,small,SELL
531,05/23/2023,HD UN Equity,HOLD,70%,decrease,5-10%,SELL
532,06/02/2023,WMT UN Equity,HOLD,medium,increase,small,BUY
533,05/17/2023,CSCO UW Equity,BUY,60%,increase,4-5%,BUY
534,07/19/2023,IBM UN Equity,BUY,70%,decrease,5-10%,SELL
535,07/19/2023,GS UN Equity,HOLD,high,stay flat,slight decrease,HOLD
536,05/26/2023,NVDA UQ Equity,HOLD,80%,increase,5-10%,BUY
537,07/14/2023,JPM UN Equity,BUY,moderate,increase,small,BUY
538,07/21/2023,AXP UN Equity,SELL,high,decrease,moderate to significant,SELL
539,06/27/2023,WBA UW Equity,HOLD,40%,decrease,moderate,SELL
540,06/29/2023,NKE UN Equity,HOLD,60%,decrease,moderate,SELL
541,07/20/2023,TRV UN Equity,BUY,70%,increase,2-5%,BUY
542,05/31/2023,CRM UN Equity,BUY,85%,increase,7-12%,BUY
543,07/20/2023,JNJ UN Equity,BUY,70%,increase,5-10%,BUY
544,07/25/2023,SHW UN Equity,BUY,85%,increase,5-10%,BUY
545,08/03/2023,DD UN Equity,BUY,75%,increase,5-10%,BUY
546,07/27/2023,MCD UN Equity,BUY,high,increase,moderate,BUY
547,07/26/2023,V UN Equity,BUY,high,increase,5-10%,BUY
548,07/25/2023,RTX UN Equity,BUY,moderate,decrease,2-3%,SELL
549,07/25/2023,DOW UN Equity,HOLD,80%,decrease,5-10%,SELL
550,08/01/2023,CAT UN Equity,BUY,85%,increase,5-10%,BUY
551,07/28/2023,XOM UN Equity,HOLD,60%,decrease,slight,SELL
552,07/26/2023,KO UN Equity,BUY,medium,increase,small,BUY
553,07/25/2023,MSFT UW Equity,BUY,high,increase,5-7%,BUY
554,08/01/2023,PFE UN Equity,BUY,70%,decrease,moderate,SELL
555,07/26/2023,BA UN Equity,HOLD,60%,decrease,5-10%,SELL
556,08/01/2023,MRK UN Equity,BUY,70%,decrease,10-15%,SELL
557,08/02/2023,UNH UN Equity,BUY,85%,increase,6-8%,BUY
558,07/28/2023,PG UN Equity,BUY,60%,increase,5-10%,BUY
559,08/03/2023,AAPL UQ Equity,HOLD,moderate,decrease,small,SELL
560,07/27/2023,INTC UQ Equity,HOLD,70%,decrease,10-15%,SELL
561,07/27/2023,HON UQ Equity,BUY,high,increase,medium,BUY
562,07/25/2023,VZ UN Equity,SELL,60%,decrease,0-1%,SELL
563,07/25/2023,MMM UN Equity,SELL,high,decrease,10-15%,SELL
564,08/03/2023,AMZN UQ Equity,HOLD,medium,increase,small,BUY
565,08/09/2023,DIS UN Equity,SELL,80%,decrease,8-12%,SELL
566,08/03/2023,CVX UN Equity,BUY,80%,increase,5-15%,BUY
567,08/03/2023,AMGN UQ Equity,BUY,moderate,increase,small,BUY
568,10/12/2023,WBA UQ Equity,BUY,70%,decrease,10-15%,SELL
569,08/17/2023,WMT UN Equity,BUY,high,increase,5-6%,BUY
570,08/30/2023,CRM UN Equity,SELL,medium,stay flat,slight,HOLD
571,08/16/2023,CSCO UQ Equity,BUY,moderate,increase,4-6%,BUY
572,08/25/2023,NVDA UQ Equity,BUY,85%,increase,7-12%,BUY
573,10/20/2023,AXP UN Equity,BUY,70%,decrease,medium,SELL
574,10/18/2023,PG UN Equity,BUY,85%,increase,6-8%,BUY
575,10/17/2023,GS UN Equity,BUY,high,increase,5-10%,BUY
576,10/14/2023,JPM UN Equity,HOLD,high,increase,medium,BUY
577,10/13/2023,UNH UN Equity,HOLD,moderate,increase,1-2%,BUY
578,10/24/2023,VZ UN Equity,BUY,70%,increase,3-6%,BUY
579,09/28/2023,NKE UN Equity,SELL,medium,decrease,moderate,SELL
580,08/22/2023,HD UN Equity,BUY,70%,increase,2-5%,BUY
581,10/24/2023,MSFT UQ Equity,HOLD,40%,decrease,0-5%,SELL
582,10/18/2023,TRV UN Equity,BUY,high,increase,7-12%,BUY
583,10/24/2023,DOW UN Equity,BUY,high,decrease,8-12%,SELL
584,10/24/2023,KO UN Equity,BUY,85%,increase,7-12%,BUY
585,10/24/2023,SHW UN Equity,BUY,high,increase,medium,BUY
586,10/26/2023,HON UW Equity,HOLD,80%,increase,5-10%,BUY
587,10/25/2023,IBM UN Equity,BUY,70%,increase,2-5%,BUY
588,11/01/2023,DD UN Equity,BUY,70%,increase,small,BUY
589,10/25/2023,BA UN Equity,HOLD,40,decrease,5-10%,SELL
590,10/26/2023,MRK UN Equity,BUY,85%,increase,5-10%,BUY
591,10/27/2023,INTC UW Equity,HOLD,60%,decrease,5-10%,SELL
592,10/24/2023,MMM UN Equity,BUY,60%,decrease,10-15%,SELL
593,10/24/2023,V UN Equity,BUY,moderate,increase,1-3%,BUY
594,10/27/2023,JNJ UN Equity,BUY,medium,increase,3-8%,BUY
595,10/31/2023,XOM UN Equity,BUY,75%,increase,6-8%,BUY
596,10/31/2023,AMGN UQ Equity,BUY,high,decrease,small,SELL
597,10/31/2023,CAT UN Equity,BUY,80%,increase,5-10%,BUY
598,10/24/2023,RTX UN Equity,SELL,high,decrease,medium,SELL
599,10/26/2023,AMZN UQ Equity,BUY,60%,increase,3-5%,BUY
600,11/02/2023,MCD UN Equity,SELL,high,decrease,slight,SELL
601,11/02/2023,AAPL UW Equity,SELL,60%,decrease,5-10%,SELL
602,11/02/2023,CVX UN Equity,HOLD,moderate,decrease,slight,SELL
603,11/03/2023,AAPL UQ Equity,BUY,medium,increase,3-5%,BUY
604,01/25/2024,V UN Equity,BUY,high,increase,5-10%,BUY
605,01/05/2024,NKE UN Equity,SELL,80%,decrease,5-15%,SELL
606,01/25/2024,DOW UN Equity,BUY,70%,increase,2-5%,BUY
607,11/21/2023,CSCO UW Equity,SELL,70%,decrease,10-15%,SELL
608,01/12/2024,JPM UN Equity,BUY,80%,increase,5-10%,BUY
609,11/16/2023,WMT UN Equity,BUY,75%,increase,7-12%,BUY
610,01/23/2024,RTX UN Equity,BUY,medium,increase,2-5%,BUY
611,01/25/2024,SHW UN Equity,SELL,medium-low,decrease,small,SELL
612,11/21/2023,NVDA UQ Equity,BUY,high,increase,7-12%,BUY
613,11/29/2023,CRM UN Equity,BUY,80%,increase,10-15%,BUY
614,01/24/2024,IBM UN Equity,BUY,70%,increase,3-7%,BUY
615,11/20/2023,HD UN Equity,BUY,high,decrease,5-7%,SELL
616,01/26/2024,INTC UQ Equity,BUY,70%,increase,8-12%,BUY
617,01/23/2024,MMM UN Equity,SELL,70%,decrease,15-20%,SELL
618,11/08/2023,DIS UN Equity,BUY,60%,increase,3-7%,BUY
619,01/04/2024,WBA UQ Equity,SELL,medium,decrease,moderate,SELL
620,01/30/2024,MSFT UW Equity,HOLD,high,increase,medium,BUY
621,01/23/2024,PG UN Equity,BUY,40,decrease,slight,SELL
622,11/08/2023,PFE UN Equity,BUY,high,decrease,medium,SELL
623,01/16/2024,GS UN Equity,BUY,70%,decrease,2-5%,SELL
624,01/30/2024,PFE UN Equity,BUY,60%,decrease,10-15%,SELL
625,02/01/2024,HON UN Equity,SELL,moderate,decrease,small,SELL
626,02/01/2024,AAPL UW Equity,BUY,60%,decrease,-2% to 0%,SELL
627,02/09/2024,AXP UN Equity,BUY,85%,increase,7-12%,BUY
628,02/01/2024,MRK UN Equity,HOLD,high,decrease,10-15%,SELL
629,02/01/2024,AMZN UQ Equity,SELL,high,decrease,small,SELL
630,02/15/2024,DD UN Equity,BUY,moderate,increase,moderate,BUY
631,01/31/2024,BA UN Equity,SELL,high,decrease,moderate,SELL
632,02/05/2024,CAT UN Equity,BUY,high,increase,7-12%,BUY
633,02/09/2024,VZ UN Equity,SELL,high,decrease,medium,SELL
634,02/02/2024,XOM UN Equity,BUY,high,increase,5-10%,BUY
635,02/16/2024,JNJ UN Equity,BUY,75%,increase,7-12%,BUY
636,02/07/2024,DIS UN Equity,BUY,85%,increase,6-8%,BUY
637,02/20/2024,CSCO UQ Equity,SELL,70%,decrease,5-15%,SELL
638,02/14/2024,AMGN UQ Equity,BUY,high,increase,medium,BUY
639,02/15/2024,TRV UN Equity,BUY,high,increase,medium,BUY
640,02/13/2024,KO UN Equity,BUY,85%,increase,3-6%,BUY
641,02/05/2024,MCD UN Equity,BUY,40%,increase,3-7%,BUY
642,02/20/2024,HD UN Equity,BUY,moderate,increase,small,BUY
643,02/28/2024,UNH UN Equity,SELL,moderate,decrease,small,SELL
644,02/20/2024,WMT UN Equity,BUY,medium,increase,small,BUY
645,04/16/2024,UNH UN Equity,SELL,70%,decrease,10-15%,SELL
646,02/26/2024,CVX UN Equity,BUY,85%,increase,7-12%,BUY
647,02/21/2024,NVDA UQ Equity,HOLD,high,increase,medium,BUY
648,03/28/2024,WBA UW Equity,HOLD,high,decrease,10-15%,SELL
649,04/16/2024,JPM UN Equity,SELL,0.8,decrease,5-10%,SELL
650,04/15/2024,GS UN Equity,BUY,high,increase,7-12%,BUY
651,04/23/2024,SHW UN Equity,BUY,high,decrease,moderate,SELL
652,04/17/2024,TRV UN Equity,BUY,high,increase,5-12%,BUY
653,04/19/2024,AXP UN Equity,BUY,70%,increase,7-12%,BUY
654,02/28/2024,CRM UN Equity,BUY,85%,increase,5-10%,BUY
655,04/04/2024,NKE UN Equity,HOLD,high,decrease,moderate,SELL
656,04/23/2024,RTX UN Equity,BUY,high,increase,5-10%,BUY
657,04/25/2024,CAT UN Equity,BUY,75%,increase,2-4%,BUY
658,04/24/2024,IBM UN Equity,HOLD,high,increase,medium,BUY
659,04/24/2024,BA UN Equity,HOLD,high,decrease,5-10%,SELL
660,04/23/2024,V UN Equity,BUY,10-Aug,increase,5-7%,BUY
661,04/25/2024,VZ UN Equity,BUY,70%,increase,2-3%,BUY
662,04/19/2024,PG UN Equity,BUY,60%,increase,3-5%,BUY
663,04/25/2024,MSFT UQ Equity,BUY,85%,increase,6-8%,BUY
664,04/25/2024,DOW UN Equity,BUY,medium,decrease,slight,SELL
665,04/25/2024,HON UQ Equity,BUY,60,decrease,slight,SELL
666,04/26/2024,XOM UN Equity,BUY,60%,decrease,slight,SELL
667,04/25/2024,MRK UN Equity,BUY,high,increase,moderate,BUY
668,04/26/2024,CVX UN Equity,HOLD,high,increase,medium,BUY
669,05/01/2024,DD UN Equity,BUY,70%,decrease,5-10%,SELL
670,05/01/2024,JNJ UN Equity,BUY,high,increase,5-10%,BUY
671,04/30/2024,MMM UN Equity,HOLD,60%,decrease,10-15%,SELL
672,04/25/2024,INTC UQ Equity,BUY,60%,decrease,2-5%,SELL
673,05/02/2024,AMGN UW Equity,HOLD,low,increase,small,BUY
674,05/02/2024,KO UN Equity,BUY,medium,increase,2-5%,BUY
675,04/30/2024,AMZN UQ Equity,BUY,medium,increase,small,BUY
676,04/30/2024,MCD UN Equity,SELL,70%,decrease,8-12%,SELL
677,05/03/2024,AMGN UQ Equity,HOLD,55%,increase,5-10%,BUY
678,05/02/2024,AAPL UQ Equity,BUY,high,decrease,1-2%,SELL
679,05/14/2024,HD UN Equity,SELL,high,decrease,5-10%,SELL
680,05/07/2024,DIS UN Equity,BUY,medium,increase,moderate,BUY
681,05/08/2024,PFE UN Equity,SELL,60%,decrease,5-10%,SELL
682,05/15/2024,CSCO UQ Equity,BUY,0.8,increase,7-10%,BUY
683,05/16/2024,WMT UN Equity,BUY,high,increase,moderate,BUY
684,06/27/2024,WBA UW Equity,HOLD,60%,decrease,10-15%,SELL
685,07/12/2024,JPM UN Equity,SELL,60%,decrease,5-10%,SELL
686,05/29/2024,NVDA UQ Equity,HOLD,85%,increase,7-12%,BUY
687,07/16/2024,UNH UN Equity,BUY,70%,increase,2-5%,BUY
688,07/15/2024,GS UN Equity,BUY,8.5/10,increase,6-12%,BUY
689,07/19/2024,AXP UN Equity,BUY,75%,increase,5-10%,BUY
690,05/29/2024,CRM UN Equity,BUY,85%,increase,7-12%,BUY
691,07/23/2024,SHW UN Equity,BUY,medium,decrease,small,SELL
692,07/19/2024,TRV UN Equity,BUY,medium,increase,small,BUY
693,07/24/2024,IBM UN Equity,BUY,60%,increase,2-5%,BUY
694,07/23/2024,V UN Equity,BUY,85%,increase,5-7%,BUY
695,07/26/2024,DOW UN Equity,SELL,60%,decrease,5-15%,SELL
696,07/23/2024,KO UN Equity,BUY,moderate,increase,small,BUY
697,07/25/2024,HON UW Equity,BUY,70%,increase,5-7%,BUY
698,07/25/2024,JNJ UN Equity,BUY,60%,decrease,5-8%,SELL
699,07/22/2024,VZ UN Equity,BUY,medium,flat,slight decrease,HOLD
700,07/25/2024,RTX UN Equity,BUY,85%,increase,5-10%,BUY
701,07/26/2024,NKE UN Equity,BUY,70%,decrease,10-15%,SELL
702,07/26/2024,MMM UN Equity,BUY,70%,decrease,5-10%,SELL
703,07/31/2024,DD UN Equity,BUY,high,increase,10-15%,BUY
704,07/30/2024,MSFT UQ Equity,HOLD,high,increase,medium,BUY
705,07/30/2024,PG UN Equity,BUY,60%,decrease,4-5%,SELL
706,08/01/2024,INTC UQ Equity,SELL,high,decrease,moderate,SELL
707,08/01/2024,AMZN UQ Equity,SELL,high,decrease,medium,SELL
708,07/30/2024,PFE UN Equity,SELL,70%,decrease,15-20%,SELL
709,07/31/2024,BA UN Equity,HOLD,high,decrease,moderate,SELL
710,08/01/2024,AAPL UW Equity,BUY,high,increase,medium,BUY
711,08/02/2024,XOM UN Equity,BUY,80%,increase,5-10%,BUY
712,08/06/2024,AMGN UW Equity,SELL,70%,decrease,8-12%,SELL
713,08/02/2024,CVX UN Equity,SELL,low,decrease,moderate,SELL
714,08/06/2024,CAT UN Equity,SELL,40%,decrease,-5% to -10%,SELL
715,08/13/2024,HD UN Equity,BUY,high,increase,moderate,BUY
716,08/08/2024,MCD UN Equity,SELL,70%,decrease,5-15%,SELL
717,08/07/2024,DIS UN Equity,BUY,moderate,increase,small,BUY
718,08/05/2024,MRK UN Equity,HOLD,60%,decrease,-2% to 0%,SELL
719,09/05/2024,CSCO UW Equity,BUY,65%,increase,5-7%,BUY
720,08/28/2024,CRM UN Equity,BUY,60%,decrease,5-10%,SELL
721,08/15/2024,WMT UN Equity,HOLD,70%,decrease,5-10%,SELL
722,08/28/2024,NVDA UQ Equity,BUY,85%,increase,7-12%,BUY
723,10/11/2024,JPM UN Equity,BUY,60%,decrease,4-5%,SELL
724,10/15/2024,JNJ UN Equity,BUY,moderate,increase,small,BUY
725,10/15/2024,WBA UQ Equity,BUY,high,decrease,5-10%,SELL
726,10/07/2024,NKE UN Equity,BUY,85%,increase,6-8%,BUY
727,10/18/2024,PG UN Equity,BUY,70%,decrease,5-10%,SELL
728,10/17/2024,TRV UN Equity,BUY,85%,increase,6-8%,BUY
729,10/22/2024,RTX UN Equity,BUY,85%,increase,5-10%,BUY
730,10/22/2024,MMM UN Equity,BUY,high,increase,10-15%,BUY
731,10/29/2024,V UN Equity,SELL,70%,decrease,2-4%,SELL
732,10/22/2024,VZ UN Equity,BUY,high,decrease,medium,SELL
733,10/24/2024,DOW UN Equity,SELL,70%,decrease,5-10%,SELL
734,10/18/2024,AXP UN Equity,HOLD,moderate,increase,small,BUY
735,10/24/2024,HON UN Equity,BUY,high,increase,5-10%,BUY
736,10/22/2024,SHW UN Equity,BUY,85%,increase,5-7%,BUY
737,10/23/2024,KO UN Equity,BUY,high,increase,7-12%,BUY
738,10/23/2024,BA UN Equity,SELL,70%,decrease,10-15%,SELL
739,10/30/2024,CAT UN Equity,BUY,60%,decrease,8-12%,SELL
740,10/30/2024,MSFT UQ Equity,HOLD,medium-low,increase,small,BUY
741,10/30/2024,AMGN UQ Equity,BUY,high,increase,5-7%,BUY
742,10/30/2024,IBM UN Equity,HOLD,high,stay flat,slight,HOLD
743,10/31/2024,MRK UN Equity,BUY,85%,increase,7-12%,BUY
744,10/31/2024,INTC UQ Equity,BUY,70%,decrease,12-18%,SELL
745,10/31/2024,AMZN UQ Equity,SELL,60%,decrease,2-5%,SELL
746,11/01/2024,AAPL UW Equity,BUY,75%,increase,7-12%,BUY
747,10/31/2024,AAPL UQ Equity,BUY,80%,increase,7-12%,BUY
748,11/05/2024,DD UN Equity,BUY,moderate,increase,3-8%,BUY
749,11/01/2024,CVX UN Equity,SELL,70%,decrease,moderate,SELL
750,11/04/2024,XOM UN Equity,BUY,high,increase,5-7%,BUY
751,11/07/2024,MCD UN Equity,SELL,high,decrease,significant,SELL
752,11/04/2024,GS UN Equity,BUY,60%,decrease,slight,SELL
753,11/12/2024,HD UN Equity,HOLD,70%,decrease,8-12%,SELL
754,11/04/2024,UNH UN Equity,SELL,medium,decrease,slight,SELL
755,11/04/2024,PFE UN Equity,BUY,high,increase,7-12%,BUY
756,11/14/2024,DIS UN Equity,BUY,60%,decrease,0-5%,SELL
757,11/19/2024,WMT UN Equity,BUY,80%,increase,5-10%,BUY
758,11/13/2024,CSCO UW Equity,HOLD,medium,increase,small,BUY
759,11/20/2024,NVDA UQ Equity,HOLD,moderate,decrease,small,SELL
760,01/03/2025,NKE UN Equity,BUY,high,decrease,moderate,SELL
761,12/03/2024,CRM UN Equity,BUY,high,increase,medium,BUY
762,01/15/2025,GS UN Equity,BUY,high,increase,medium,BUY
763,01/10/2025,WBA UQ Equity,BUY,60%,decrease,5-10%,SELL
764,01/21/2025,MMM UN Equity,BUY,70%,increase,5-10%,BUY
765,01/22/2025,TRV UN Equity,BUY,85%,increase,5-7%,BUY
766,01/22/2025,PG UN Equity,BUY,85%,increase,5-8%,BUY
767,01/30/2025,DOW UN Equity,SELL,60%,decrease,5-10%,SELL
768,01/22/2025,JNJ UN Equity,BUY,75%,increase,5-10%,BUY
769,01/28/2025,RTX UN Equity,BUY,high,increase,medium,BUY
770,01/30/2025,AAPL UW Equity,BUY,70%,decrease,5-10%,SELL
771,01/29/2025,IBM UN Equity,BUY,moderate,increase,small,BUY
772,01/31/2025,AAPL UQ Equity,SELL,moderate,decrease,small,SELL
773,01/24/2025,VZ UN Equity,BUY,high,increase,5-10%,BUY
774,01/28/2025,BA UN Equity,HOLD,high,decrease,15%,SELL
775,01/30/2025,V UN Equity,BUY,60%,increase,3-8%,BUY
776,01/30/2025,INTC UW Equity,BUY,70%,decrease,5-10%,SELL
777,01/31/2025,INTC UQ Equity,BUY,high,decrease,10-15%,SELL
778,01/29/2025,MSFT UW Equity,BUY,60%,increase,3-7%,BUY
779,02/05/2025,DIS UN Equity,BUY,high,increase,5-10%,BUY
780,02/06/2025,HON UQ Equity,HOLD,60%,decrease,moderate,SELL
781,02/14/2025,DD UN Equity,BUY,medium,decrease,5-10%,SELL
782,02/06/2025,AMZN UQ Equity,BUY,8.5,increase,5-10%,BUY
783,02/07/2025,AXP UN Equity,BUY,high,increase,medium,BUY
784,02/14/2025,CAT UN Equity,HOLD,70%,decrease,5-15%,SELL
785,02/12/2025,CSCO UW Equity,BUY,70%,increase,8-12%,BUY
786,02/14/2025,AMGN UQ Equity,HOLD,high,decrease,5-10%,SELL
787,02/18/2025,CSCO UQ Equity,BUY,high,increase,medium,BUY
788,02/15/2025,JPM UN Equity,BUY,75%,increase,5-10%,BUY
789,02/19/2025,XOM UN Equity,HOLD,60%,decrease,5-15%,SELL
790,02/25/2025,MCD UN Equity,HOLD,70%,decrease,5-10%,SELL
791,02/20/2025,SHW UN Equity,SELL,60%,stay flat,2-5%,HOLD
792,02/26/2025,NVDA UQ Equity,HOLD,moderate,decrease,small,SELL
793,02/21/2025,CVX UN Equity,BUY,medium,increase,small,BUY
794,03/05/2025,CRM UN Equity,HOLD,70%,decrease,5-15%,SELL
795,03/14/2025,WMT UN Equity,SELL,medium,decrease,moderate,SELL
796,02/27/2025,UNH UN Equity,BUY,70%,decrease,small,SELL
797,04/08/2025,WBA UQ Equity,BUY,high,increase,5-10%,BUY
798,03/20/2025,HD UN Equity,HOLD,60%,decrease,2-4%,SELL
799,04/17/2025,UNH UN Equity,SELL,60%,decrease,moderate,SELL
800,02/20/2025,KO UN Equity,BUY,85%,increase,5-10%,BUY
801,04/14/2025,GS UN Equity,HOLD,,increase,5-7%,BUY
802,03/20/2025,NKE UN Equity,BUY,moderate,increase,3-5%,BUY
803,04/11/2025,JPM UN Equity,BUY,60,decrease,slight,SELL
804,04/16/2025,TRV UN Equity,SELL,moderate,decrease,5-10%,SELL
805,04/18/2025,AXP UN Equity,BUY,high,increase,medium,BUY
806,04/22/2025,VZ UN Equity,BUY,medium,decrease,slight,SELL
807,04/22/2025,MMM UN Equity,BUY,high,increase,moderate,BUY
808,04/23/2025,JNJ UN Equity,BUY,85%,increase,7-12%,BUY
809,04/24/2025,MRK UN Equity,SELL,60%,decrease,-2% to -5%,SELL
810,04/22/2025,RTX UN Equity,BUY,70%,increase,7-12%,BUY
811,04/24/2025,IBM UN Equity,BUY,moderate,increase,moderate,BUY
812,04/23/2025,BA UN Equity,HOLD,70%,decrease,12-18%,SELL
813,04/24/2025,PG UN Equity,HOLD,70%,decrease,4-5%,SELL
814,04/24/2025,INTC UQ Equity,BUY,moderate,decrease,5-10%,SELL
815,04/24/2025,DOW UN Equity,HOLD,moderate,decrease,5-10%,SELL
